"","mean","sd"
"BIO10",18.8994743566401,7.46851977002464
"BIO11",-7.5210408567987,11.0497329796067
"BIO19",38.4377509581693,64.5717212327641
"BIO4",1072.47208976682,351.019915062383
"npp",450.00330145332,317.927737671949
